{
  "hash": "0b71ed75",
  "configHash": "354d01c3",
  "lockfileHash": "c4949adf",
  "browserHash": "fbb81ae8",
  "optimized": {
    "@angular/common": {
      "src": "../../../../../node_modules/@angular/common/fesm2022/common.mjs",
      "file": "@angular_common.js",
      "fileHash": "92e5296b",
      "needsInterop": false
    },
    "@angular/core": {
      "src": "../../../../../node_modules/@angular/core/fesm2022/core.mjs",
      "file": "@angular_core.js",
      "fileHash": "d8f28ce0",
      "needsInterop": false
    },
    "@angular/core/rxjs-interop": {
      "src": "../../../../../node_modules/@angular/core/fesm2022/rxjs-interop.mjs",
      "file": "@angular_core_rxjs-interop.js",
      "fileHash": "a9b43dbc",
      "needsInterop": false
    },
    "@angular/forms": {
      "src": "../../../../../node_modules/@angular/forms/fesm2022/forms.mjs",
      "file": "@angular_forms.js",
      "fileHash": "b573c5a4",
      "needsInterop": false
    },
    "@angular/material/button": {
      "src": "../../../../../node_modules/@angular/material/fesm2022/button.mjs",
      "file": "@angular_material_button.js",
      "fileHash": "14f95759",
      "needsInterop": false
    },
    "@angular/material/core": {
      "src": "../../../../../node_modules/@angular/material/fesm2022/core.mjs",
      "file": "@angular_material_core.js",
      "fileHash": "f15ff030",
      "needsInterop": false
    },
    "@angular/material/form-field": {
      "src": "../../../../../node_modules/@angular/material/fesm2022/form-field.mjs",
      "file": "@angular_material_form-field.js",
      "fileHash": "9f5a69b1",
      "needsInterop": false
    },
    "@angular/material/input": {
      "src": "../../../../../node_modules/@angular/material/fesm2022/input.mjs",
      "file": "@angular_material_input.js",
      "fileHash": "049ea30e",
      "needsInterop": false
    },
    "@angular/material/select": {
      "src": "../../../../../node_modules/@angular/material/fesm2022/select.mjs",
      "file": "@angular_material_select.js",
      "fileHash": "45ee9755",
      "needsInterop": false
    },
    "@angular/platform-browser": {
      "src": "../../../../../node_modules/@angular/platform-browser/fesm2022/platform-browser.mjs",
      "file": "@angular_platform-browser.js",
      "fileHash": "c63497e0",
      "needsInterop": false
    },
    "@angular/platform-browser/animations": {
      "src": "../../../../../node_modules/@angular/platform-browser/fesm2022/animations.mjs",
      "file": "@angular_platform-browser_animations.js",
      "fileHash": "01380d2e",
      "needsInterop": false
    },
    "@angular/platform-browser/animations/async": {
      "src": "../../../../../node_modules/@angular/platform-browser/fesm2022/animations/async.mjs",
      "file": "@angular_platform-browser_animations_async.js",
      "fileHash": "b3a4b9d5",
      "needsInterop": false
    },
    "@angular/router": {
      "src": "../../../../../node_modules/@angular/router/fesm2022/router.mjs",
      "file": "@angular_router.js",
      "fileHash": "223b2156",
      "needsInterop": false
    },
    "@coreui/angular": {
      "src": "../../../../../node_modules/@coreui/angular/fesm2022/coreui-angular.mjs",
      "file": "@coreui_angular.js",
      "fileHash": "a3521814",
      "needsInterop": false
    },
    "@coreui/angular-chartjs": {
      "src": "../../../../../node_modules/@coreui/angular-chartjs/fesm2022/coreui-angular-chartjs.mjs",
      "file": "@coreui_angular-chartjs.js",
      "fileHash": "7bd417f8",
      "needsInterop": false
    },
    "@coreui/icons": {
      "src": "../../../../../node_modules/@coreui/icons/dist/esm/index.js",
      "file": "@coreui_icons.js",
      "fileHash": "aba12094",
      "needsInterop": false
    },
    "@coreui/icons-angular": {
      "src": "../../../../../node_modules/@coreui/icons-angular/fesm2022/coreui-icons-angular.mjs",
      "file": "@coreui_icons-angular.js",
      "fileHash": "60ae0e8e",
      "needsInterop": false
    },
    "@coreui/utils": {
      "src": "../../../../../node_modules/@coreui/utils/dist/esm/index.js",
      "file": "@coreui_utils.js",
      "fileHash": "0d6c431b",
      "needsInterop": false
    },
    "ngx-scrollbar": {
      "src": "../../../../../node_modules/ngx-scrollbar/fesm2022/ngx-scrollbar.mjs",
      "file": "ngx-scrollbar.js",
      "fileHash": "f358296d",
      "needsInterop": false
    },
    "rxjs/operators": {
      "src": "../../../../../node_modules/rxjs/dist/esm5/operators/index.js",
      "file": "rxjs_operators.js",
      "fileHash": "ba27220b",
      "needsInterop": false
    },
    "@angular/material/tabs": {
      "src": "../../../../../node_modules/@angular/material/fesm2022/tabs.mjs",
      "file": "@angular_material_tabs.js",
      "fileHash": "79e0dfcf",
      "needsInterop": false
    }
  },
  "chunks": {
    "chunk-47F5BUHL": {
      "file": "chunk-47F5BUHL.js"
    },
    "browser-XFVXO4UA": {
      "file": "browser-XFVXO4UA.js"
    },
    "chunk-CZ2PZ2J6": {
      "file": "chunk-CZ2PZ2J6.js"
    },
    "chunk-SVFXAFJG": {
      "file": "chunk-SVFXAFJG.js"
    },
    "chunk-ZDH7R4GC": {
      "file": "chunk-ZDH7R4GC.js"
    },
    "chunk-PNYYHYLC": {
      "file": "chunk-PNYYHYLC.js"
    },
    "chunk-4JZYWE2D": {
      "file": "chunk-4JZYWE2D.js"
    },
    "chunk-NX2ZGIWO": {
      "file": "chunk-NX2ZGIWO.js"
    },
    "chunk-UQLGJ5FH": {
      "file": "chunk-UQLGJ5FH.js"
    },
    "chunk-MJXW6HBN": {
      "file": "chunk-MJXW6HBN.js"
    },
    "chunk-XO2FZK7L": {
      "file": "chunk-XO2FZK7L.js"
    },
    "chunk-C3S25FB4": {
      "file": "chunk-C3S25FB4.js"
    },
    "chunk-OXCIBGV2": {
      "file": "chunk-OXCIBGV2.js"
    },
    "chunk-34Y4TUZI": {
      "file": "chunk-34Y4TUZI.js"
    },
    "chunk-HQLFMGHA": {
      "file": "chunk-HQLFMGHA.js"
    },
    "chunk-7ZCOIREZ": {
      "file": "chunk-7ZCOIREZ.js"
    },
    "chunk-4C6IJRBO": {
      "file": "chunk-4C6IJRBO.js"
    },
    "chunk-QOSOAIBK": {
      "file": "chunk-QOSOAIBK.js"
    },
    "chunk-6WCCERUZ": {
      "file": "chunk-6WCCERUZ.js"
    }
  }
}