{
  "hash": "6ea25e11",
  "configHash": "a19121db",
  "lockfileHash": "c4949adf",
  "browserHash": "f0f1be74",
  "optimized": {
    "@angular/common": {
      "src": "../../../../../../node_modules/@angular/common/fesm2022/common.mjs",
      "file": "@angular_common.js",
      "fileHash": "83ab847d",
      "needsInterop": false
    },
    "@angular/core": {
      "src": "../../../../../../node_modules/@angular/core/fesm2022/core.mjs",
      "file": "@angular_core.js",
      "fileHash": "d30ee65f",
      "needsInterop": false
    },
    "@angular/core/rxjs-interop": {
      "src": "../../../../../../node_modules/@angular/core/fesm2022/rxjs-interop.mjs",
      "file": "@angular_core_rxjs-interop.js",
      "fileHash": "f2017916",
      "needsInterop": false
    },
    "@angular/forms": {
      "src": "../../../../../../node_modules/@angular/forms/fesm2022/forms.mjs",
      "file": "@angular_forms.js",
      "fileHash": "6f41b16d",
      "needsInterop": false
    },
    "@angular/platform-browser": {
      "src": "../../../../../../node_modules/@angular/platform-browser/fesm2022/platform-browser.mjs",
      "file": "@angular_platform-browser.js",
      "fileHash": "ca4956d3",
      "needsInterop": false
    },
    "@angular/platform-browser/animations": {
      "src": "../../../../../../node_modules/@angular/platform-browser/fesm2022/animations.mjs",
      "file": "@angular_platform-browser_animations.js",
      "fileHash": "66c398e5",
      "needsInterop": false
    },
    "@angular/platform-browser/animations/async": {
      "src": "../../../../../../node_modules/@angular/platform-browser/fesm2022/animations/async.mjs",
      "file": "@angular_platform-browser_animations_async.js",
      "fileHash": "0aa7ca62",
      "needsInterop": false
    },
    "@angular/router": {
      "src": "../../../../../../node_modules/@angular/router/fesm2022/router.mjs",
      "file": "@angular_router.js",
      "fileHash": "af027ea0",
      "needsInterop": false
    },
    "@coreui/angular": {
      "src": "../../../../../../node_modules/@coreui/angular/fesm2022/coreui-angular.mjs",
      "file": "@coreui_angular.js",
      "fileHash": "486c5ee3",
      "needsInterop": false
    },
    "@coreui/angular-chartjs": {
      "src": "../../../../../../node_modules/@coreui/angular-chartjs/fesm2022/coreui-angular-chartjs.mjs",
      "file": "@coreui_angular-chartjs.js",
      "fileHash": "33a4caa7",
      "needsInterop": false
    },
    "@coreui/icons": {
      "src": "../../../../../../node_modules/@coreui/icons/dist/esm/index.js",
      "file": "@coreui_icons.js",
      "fileHash": "ab596f3e",
      "needsInterop": false
    },
    "@coreui/icons-angular": {
      "src": "../../../../../../node_modules/@coreui/icons-angular/fesm2022/coreui-icons-angular.mjs",
      "file": "@coreui_icons-angular.js",
      "fileHash": "df254a9e",
      "needsInterop": false
    },
    "@coreui/utils": {
      "src": "../../../../../../node_modules/@coreui/utils/dist/esm/index.js",
      "file": "@coreui_utils.js",
      "fileHash": "cbc698b2",
      "needsInterop": false
    },
    "ngx-scrollbar": {
      "src": "../../../../../../node_modules/ngx-scrollbar/fesm2022/ngx-scrollbar.mjs",
      "file": "ngx-scrollbar.js",
      "fileHash": "ddd7413b",
      "needsInterop": false
    },
    "rxjs/operators": {
      "src": "../../../../../../node_modules/rxjs/dist/esm5/operators/index.js",
      "file": "rxjs_operators.js",
      "fileHash": "e1d4253e",
      "needsInterop": false
    }
  },
  "chunks": {
    "chunk-7PA7IDKM": {
      "file": "chunk-7PA7IDKM.js"
    },
    "chunk-HQVF5EUR": {
      "file": "chunk-HQVF5EUR.js"
    },
    "browser-NH3LHRR7": {
      "file": "browser-NH3LHRR7.js"
    },
    "chunk-XPFWWIFX": {
      "file": "chunk-XPFWWIFX.js"
    },
    "chunk-AIMPYEEI": {
      "file": "chunk-AIMPYEEI.js"
    },
    "chunk-OBOGUS4K": {
      "file": "chunk-OBOGUS4K.js"
    },
    "chunk-DFMYA64X": {
      "file": "chunk-DFMYA64X.js"
    },
    "chunk-MYPAVRSF": {
      "file": "chunk-MYPAVRSF.js"
    },
    "chunk-K7ELSIJ5": {
      "file": "chunk-K7ELSIJ5.js"
    },
    "chunk-KNE7SPPC": {
      "file": "chunk-KNE7SPPC.js"
    },
    "chunk-QKNYWKTG": {
      "file": "chunk-QKNYWKTG.js"
    },
    "chunk-6WCCERUZ": {
      "file": "chunk-6WCCERUZ.js"
    }
  }
}